--------------------------------------------------------
--  파일이 생성됨 - 월요일-6월-29-2020   
--------------------------------------------------------
DROP TABLE "ADMIN"."ACC_CON";
DROP TABLE "ADMIN"."ACC_INF";
DROP TABLE "ADMIN"."ACC_PRI";
DROP TABLE "ADMIN"."ACC_PUB";
DROP TABLE "ADMIN"."BOARD";
DROP TABLE "ADMIN"."LIKE_POST";
DROP TABLE "ADMIN"."LIKE_REPLY";
DROP TABLE "ADMIN"."POST_CLIP";
DROP TABLE "ADMIN"."POST_CONTENTS";
DROP TABLE "ADMIN"."POST_INFO";
DROP TABLE "ADMIN"."REPLY";
--------------------------------------------------------
--  DDL for Table ACC_CON
--------------------------------------------------------

  CREATE TABLE "ADMIN"."ACC_CON" 
   (	"U_CONTIME" VARCHAR2(20 BYTE), 
	"U_ID" VARCHAR2(20 BYTE), 
	"U_SESSION" VARCHAR2(20 BYTE), 
	"U_DISCONTIME" VARCHAR2(20 BYTE), 
	"MSG" VARCHAR2(50 BYTE)
   ) SEGMENT CREATION IMMEDIATE 
  PCTFREE 10 PCTUSED 40 INITRANS 1 MAXTRANS 255 NOCOMPRESS LOGGING
  STORAGE(INITIAL 65536 NEXT 1048576 MINEXTENTS 1 MAXEXTENTS 2147483645
  PCTINCREASE 0 FREELISTS 1 FREELIST GROUPS 1 BUFFER_POOL DEFAULT FLASH_CACHE DEFAULT CELL_FLASH_CACHE DEFAULT)
  TABLESPACE "SYSTEM" ;
--------------------------------------------------------
--  DDL for Table ACC_INF
--------------------------------------------------------

  CREATE TABLE "ADMIN"."ACC_INF" 
   (	"AGREE_USER_POLICY" VARCHAR2(1 BYTE), 
	"AGREE_INFO_POLICY" VARCHAR2(1 BYTE), 
	"FIND_HINT" VARCHAR2(50 BYTE), 
	"REMARKS" VARCHAR2(50 BYTE), 
	"U_ID" VARCHAR2(20 BYTE)
   ) SEGMENT CREATION IMMEDIATE 
  PCTFREE 10 PCTUSED 40 INITRANS 1 MAXTRANS 255 NOCOMPRESS LOGGING
  STORAGE(INITIAL 65536 NEXT 1048576 MINEXTENTS 1 MAXEXTENTS 2147483645
  PCTINCREASE 0 FREELISTS 1 FREELIST GROUPS 1 BUFFER_POOL DEFAULT FLASH_CACHE DEFAULT CELL_FLASH_CACHE DEFAULT)
  TABLESPACE "SYSTEM" ;
--------------------------------------------------------
--  DDL for Table ACC_PRI
--------------------------------------------------------

  CREATE TABLE "ADMIN"."ACC_PRI" 
   (	"U_ID" VARCHAR2(20 BYTE), 
	"U_GENDER" VARCHAR2(1 BYTE), 
	"U_AGE" NUMBER(*,0), 
	"U_PHNUM" VARCHAR2(12 BYTE), 
	"U_EMAIL" VARCHAR2(20 BYTE), 
	"U_PW" VARCHAR2(20 BYTE), 
	"U_BIRTH" VARCHAR2(20 BYTE), 
	"U_NAME" VARCHAR2(20 BYTE)
   ) SEGMENT CREATION IMMEDIATE 
  PCTFREE 10 PCTUSED 40 INITRANS 1 MAXTRANS 255 NOCOMPRESS LOGGING
  STORAGE(INITIAL 65536 NEXT 1048576 MINEXTENTS 1 MAXEXTENTS 2147483645
  PCTINCREASE 0 FREELISTS 1 FREELIST GROUPS 1 BUFFER_POOL DEFAULT FLASH_CACHE DEFAULT CELL_FLASH_CACHE DEFAULT)
  TABLESPACE "SYSTEM" ;
--------------------------------------------------------
--  DDL for Table ACC_PUB
--------------------------------------------------------

  CREATE TABLE "ADMIN"."ACC_PUB" 
   (	"U_ID" VARCHAR2(20 BYTE), 
	"U_NICK" VARCHAR2(50 BYTE), 
	"U_INTRO" VARCHAR2(200 BYTE), 
	"U_NATION" VARCHAR2(50 BYTE), 
	"U_JOINDATE" VARCHAR2(20 BYTE), 
	"U_LEVEL" NUMBER(*,0)
   ) SEGMENT CREATION IMMEDIATE 
  PCTFREE 10 PCTUSED 40 INITRANS 1 MAXTRANS 255 NOCOMPRESS LOGGING
  STORAGE(INITIAL 65536 NEXT 1048576 MINEXTENTS 1 MAXEXTENTS 2147483645
  PCTINCREASE 0 FREELISTS 1 FREELIST GROUPS 1 BUFFER_POOL DEFAULT FLASH_CACHE DEFAULT CELL_FLASH_CACHE DEFAULT)
  TABLESPACE "SYSTEM" ;
--------------------------------------------------------
--  DDL for Table BOARD
--------------------------------------------------------

  CREATE TABLE "ADMIN"."BOARD" 
   (	"B_NAME" VARCHAR2(20 BYTE), 
	"B_RLEVEL" NUMBER(2,0) DEFAULT 10, 
	"B_WLEVEL" NUMBER(2,0), 
	"B_INDEX" NUMBER(10,0), 
	"B_TYPE" VARCHAR2(10 BYTE)
   ) SEGMENT CREATION IMMEDIATE 
  PCTFREE 10 PCTUSED 40 INITRANS 1 MAXTRANS 255 NOCOMPRESS LOGGING
  STORAGE(INITIAL 65536 NEXT 1048576 MINEXTENTS 1 MAXEXTENTS 2147483645
  PCTINCREASE 0 FREELISTS 1 FREELIST GROUPS 1 BUFFER_POOL DEFAULT FLASH_CACHE DEFAULT CELL_FLASH_CACHE DEFAULT)
  TABLESPACE "SYSTEM" ;
--------------------------------------------------------
--  DDL for Table LIKE_POST
--------------------------------------------------------

  CREATE TABLE "ADMIN"."LIKE_POST" 
   (	"U_ID" VARCHAR2(20 BYTE), 
	"P_ID" NUMBER(38,0), 
	"L_DATE" VARCHAR2(20 BYTE), 
	"B_NAME" VARCHAR2(20 BYTE)
   ) SEGMENT CREATION IMMEDIATE 
  PCTFREE 10 PCTUSED 40 INITRANS 1 MAXTRANS 255 NOCOMPRESS LOGGING
  STORAGE(INITIAL 65536 NEXT 1048576 MINEXTENTS 1 MAXEXTENTS 2147483645
  PCTINCREASE 0 FREELISTS 1 FREELIST GROUPS 1 BUFFER_POOL DEFAULT FLASH_CACHE DEFAULT CELL_FLASH_CACHE DEFAULT)
  TABLESPACE "SYSTEM" ;
--------------------------------------------------------
--  DDL for Table LIKE_REPLY
--------------------------------------------------------

  CREATE TABLE "ADMIN"."LIKE_REPLY" 
   (	"P_ID" NUMBER, 
	"B_NAME" VARCHAR2(20 BYTE), 
	"R_INDEX" NUMBER, 
	"L_DATE" VARCHAR2(20 BYTE), 
	"U_ID" VARCHAR2(20 BYTE)
   ) SEGMENT CREATION IMMEDIATE 
  PCTFREE 10 PCTUSED 40 INITRANS 1 MAXTRANS 255 NOCOMPRESS LOGGING
  STORAGE(INITIAL 65536 NEXT 1048576 MINEXTENTS 1 MAXEXTENTS 2147483645
  PCTINCREASE 0 FREELISTS 1 FREELIST GROUPS 1 BUFFER_POOL DEFAULT FLASH_CACHE DEFAULT CELL_FLASH_CACHE DEFAULT)
  TABLESPACE "SYSTEM" ;
--------------------------------------------------------
--  DDL for Table POST_CLIP
--------------------------------------------------------

  CREATE TABLE "ADMIN"."POST_CLIP" 
   (	"P_ID" NUMBER(38,0), 
	"F_NAME" VARCHAR2(50 BYTE), 
	"F_URL" VARCHAR2(200 BYTE), 
	"B_NAME" VARCHAR2(20 BYTE), 
	"F_TYPE" VARCHAR2(20 BYTE) DEFAULT 'file'
   ) SEGMENT CREATION IMMEDIATE 
  PCTFREE 10 PCTUSED 40 INITRANS 1 MAXTRANS 255 NOCOMPRESS LOGGING
  STORAGE(INITIAL 65536 NEXT 1048576 MINEXTENTS 1 MAXEXTENTS 2147483645
  PCTINCREASE 0 FREELISTS 1 FREELIST GROUPS 1 BUFFER_POOL DEFAULT FLASH_CACHE DEFAULT CELL_FLASH_CACHE DEFAULT)
  TABLESPACE "SYSTEM" ;
--------------------------------------------------------
--  DDL for Table POST_CONTENTS
--------------------------------------------------------

  CREATE TABLE "ADMIN"."POST_CONTENTS" 
   (	"P_CONTENTS" NCLOB, 
	"P_ID" NUMBER(38,0), 
	"B_NAME" VARCHAR2(20 BYTE)
   ) SEGMENT CREATION IMMEDIATE 
  PCTFREE 10 PCTUSED 40 INITRANS 1 MAXTRANS 255 NOCOMPRESS LOGGING
  STORAGE(INITIAL 65536 NEXT 1048576 MINEXTENTS 1 MAXEXTENTS 2147483645
  PCTINCREASE 0 FREELISTS 1 FREELIST GROUPS 1 BUFFER_POOL DEFAULT FLASH_CACHE DEFAULT CELL_FLASH_CACHE DEFAULT)
  TABLESPACE "SYSTEM" 
 LOB ("P_CONTENTS") STORE AS BASICFILE (
  TABLESPACE "SYSTEM" ENABLE STORAGE IN ROW CHUNK 8192 RETENTION 
  NOCACHE LOGGING 
  STORAGE(INITIAL 65536 NEXT 1048576 MINEXTENTS 1 MAXEXTENTS 2147483645
  PCTINCREASE 0 FREELISTS 1 FREELIST GROUPS 1 BUFFER_POOL DEFAULT FLASH_CACHE DEFAULT CELL_FLASH_CACHE DEFAULT)) ;
--------------------------------------------------------
--  DDL for Table POST_INFO
--------------------------------------------------------

  CREATE TABLE "ADMIN"."POST_INFO" 
   (	"P_TITLE" VARCHAR2(200 BYTE), 
	"P_VIEW" NUMBER(38,0), 
	"P_LOCK" VARCHAR2(1 BYTE), 
	"U_ID" VARCHAR2(20 BYTE), 
	"P_DATE" VARCHAR2(20 BYTE), 
	"B_NAME" VARCHAR2(20 BYTE), 
	"P_ID" NUMBER(38,0), 
	"P_UPDATE" VARCHAR2(10 BYTE), 
	"P_LIKE" NUMBER(38,0)
   ) SEGMENT CREATION IMMEDIATE 
  PCTFREE 10 PCTUSED 40 INITRANS 1 MAXTRANS 255 NOCOMPRESS LOGGING
  STORAGE(INITIAL 65536 NEXT 1048576 MINEXTENTS 1 MAXEXTENTS 2147483645
  PCTINCREASE 0 FREELISTS 1 FREELIST GROUPS 1 BUFFER_POOL DEFAULT FLASH_CACHE DEFAULT CELL_FLASH_CACHE DEFAULT)
  TABLESPACE "SYSTEM" ;
--------------------------------------------------------
--  DDL for Table REPLY
--------------------------------------------------------

  CREATE TABLE "ADMIN"."REPLY" 
   (	"P_ID" NUMBER(38,0), 
	"R_INDEX" NUMBER(38,0) DEFAULT 0, 
	"R_DATE" VARCHAR2(20 BYTE), 
	"R_LOCK" VARCHAR2(1 BYTE), 
	"R_LIKE" NUMBER(38,0), 
	"U_ID" VARCHAR2(20 BYTE), 
	"B_NAME" VARCHAR2(20 BYTE), 
	"CONTENTS" NCLOB, 
	"DEPTH" NUMBER DEFAULT 0
   ) SEGMENT CREATION IMMEDIATE 
  PCTFREE 10 PCTUSED 40 INITRANS 1 MAXTRANS 255 NOCOMPRESS LOGGING
  STORAGE(INITIAL 65536 NEXT 1048576 MINEXTENTS 1 MAXEXTENTS 2147483645
  PCTINCREASE 0 FREELISTS 1 FREELIST GROUPS 1 BUFFER_POOL DEFAULT FLASH_CACHE DEFAULT CELL_FLASH_CACHE DEFAULT)
  TABLESPACE "SYSTEM" 
 LOB ("CONTENTS") STORE AS BASICFILE (
  TABLESPACE "SYSTEM" ENABLE STORAGE IN ROW CHUNK 8192 RETENTION 
  NOCACHE LOGGING 
  STORAGE(INITIAL 65536 NEXT 1048576 MINEXTENTS 1 MAXEXTENTS 2147483645
  PCTINCREASE 0 FREELISTS 1 FREELIST GROUPS 1 BUFFER_POOL DEFAULT FLASH_CACHE DEFAULT CELL_FLASH_CACHE DEFAULT)) ;
REM INSERTING into ADMIN.ACC_CON
SET DEFINE OFF;
Insert into ADMIN.ACC_CON (U_CONTIME,U_ID,U_SESSION,U_DISCONTIME,MSG) values ('20/06/03 10:02:50','atest','119688693509070','20/06/03 14:03:14','LOGIN_OTHER_PLACE');
Insert into ADMIN.ACC_CON (U_CONTIME,U_ID,U_SESSION,U_DISCONTIME,MSG) values ('20/06/03 12:48:05','admin','757906886517256','20/06/03 12:49:18','LOGIN_OTHER_PLACE');
Insert into ADMIN.ACC_CON (U_CONTIME,U_ID,U_SESSION,U_DISCONTIME,MSG) values ('20/06/03 12:49:18','admin','571226239940762','20/06/03 14:04:13','LOGIN_OTHER_PLACE');
Insert into ADMIN.ACC_CON (U_CONTIME,U_ID,U_SESSION,U_DISCONTIME,MSG) values ('20/06/03 14:02:34','btest','563352382463204','20/06/03 14:03:08',null);
Insert into ADMIN.ACC_CON (U_CONTIME,U_ID,U_SESSION,U_DISCONTIME,MSG) values ('20/06/03 14:03:14','atest','250044935049553','20/06/03 14:03:52',null);
Insert into ADMIN.ACC_CON (U_CONTIME,U_ID,U_SESSION,U_DISCONTIME,MSG) values ('20/06/03 14:04:13','admin','898224155598553','20/06/03 14:04:28',null);
Insert into ADMIN.ACC_CON (U_CONTIME,U_ID,U_SESSION,U_DISCONTIME,MSG) values ('20/06/03 14:04:34','atest','629283933422355','20/06/03 15:04:16','LOGIN_OTHER_PLACE');
Insert into ADMIN.ACC_CON (U_CONTIME,U_ID,U_SESSION,U_DISCONTIME,MSG) values ('20/06/03 15:04:16','atest','596107291516048','20/06/03 15:06:17','LOGIN_OTHER_PLACE');
Insert into ADMIN.ACC_CON (U_CONTIME,U_ID,U_SESSION,U_DISCONTIME,MSG) values ('20/06/03 15:06:17','atest','331186031165106','20/06/03 15:06:43','LOGIN_OTHER_PLACE');
Insert into ADMIN.ACC_CON (U_CONTIME,U_ID,U_SESSION,U_DISCONTIME,MSG) values ('20/06/03 15:06:43','atest','758297051898460','20/06/03 15:31:44','LOGIN_OTHER_PLACE');
Insert into ADMIN.ACC_CON (U_CONTIME,U_ID,U_SESSION,U_DISCONTIME,MSG) values ('20/06/03 15:31:44','atest','342671519084009','20/06/03 16:21:44',null);
Insert into ADMIN.ACC_CON (U_CONTIME,U_ID,U_SESSION,U_DISCONTIME,MSG) values ('20/06/03 16:21:50','admin','979212126286592','20/06/03 16:23:21','LOGIN_OTHER_PLACE');
Insert into ADMIN.ACC_CON (U_CONTIME,U_ID,U_SESSION,U_DISCONTIME,MSG) values ('20/06/03 16:23:21','admin','272699217533197','20/06/03 16:25:38',null);
Insert into ADMIN.ACC_CON (U_CONTIME,U_ID,U_SESSION,U_DISCONTIME,MSG) values ('20/06/03 16:25:52','btest','688057889284881','20/06/03 16:34:07',null);
Insert into ADMIN.ACC_CON (U_CONTIME,U_ID,U_SESSION,U_DISCONTIME,MSG) values ('20/06/03 16:34:11','admin','700101121676513','20/06/03 16:40:13','LOGIN_OTHER_PLACE');
Insert into ADMIN.ACC_CON (U_CONTIME,U_ID,U_SESSION,U_DISCONTIME,MSG) values ('20/06/03 16:40:13','admin','379787403783348','20/06/03 16:41:27',null);
Insert into ADMIN.ACC_CON (U_CONTIME,U_ID,U_SESSION,U_DISCONTIME,MSG) values ('20/06/03 16:44:01','admin','525077655640205','20/06/03 16:44:05',null);
Insert into ADMIN.ACC_CON (U_CONTIME,U_ID,U_SESSION,U_DISCONTIME,MSG) values ('20/06/03 16:44:20','admin','683676350727349','20/06/03 16:44:22',null);
Insert into ADMIN.ACC_CON (U_CONTIME,U_ID,U_SESSION,U_DISCONTIME,MSG) values ('20/06/03 16:52:12','admin','763465907214552','20/06/03 16:54:55','LOGIN_OTHER_PLACE');
Insert into ADMIN.ACC_CON (U_CONTIME,U_ID,U_SESSION,U_DISCONTIME,MSG) values ('20/06/03 16:54:55','admin','392348470205273','20/06/03 16:55:21','LOGIN_OTHER_PLACE');
Insert into ADMIN.ACC_CON (U_CONTIME,U_ID,U_SESSION,U_DISCONTIME,MSG) values ('20/06/03 16:55:21','admin','655891949935365','20/06/05 09:22:29','LOGIN_OTHER_PLACE');
Insert into ADMIN.ACC_CON (U_CONTIME,U_ID,U_SESSION,U_DISCONTIME,MSG) values ('20/06/05 09:22:29','admin','936732246466067','20/06/05 09:24:38','LOGIN_OTHER_PLACE');
Insert into ADMIN.ACC_CON (U_CONTIME,U_ID,U_SESSION,U_DISCONTIME,MSG) values ('20/06/05 09:24:38','admin','872635359303662','20/06/05 09:36:32',null);
Insert into ADMIN.ACC_CON (U_CONTIME,U_ID,U_SESSION,U_DISCONTIME,MSG) values ('20/06/05 09:37:17','ctest','426413527550088','20/06/05 09:43:22',null);
Insert into ADMIN.ACC_CON (U_CONTIME,U_ID,U_SESSION,U_DISCONTIME,MSG) values ('20/06/05 09:46:31','ctest','523806255739967','20/06/11 12:10:24','LOGIN_OTHER_PLACE');
Insert into ADMIN.ACC_CON (U_CONTIME,U_ID,U_SESSION,U_DISCONTIME,MSG) values ('20/06/05 10:42:46','admin','747770874791991','20/06/05 11:16:06',null);
Insert into ADMIN.ACC_CON (U_CONTIME,U_ID,U_SESSION,U_DISCONTIME,MSG) values ('20/06/05 11:16:11','btest','546059370698602','20/06/16 14:13:14','LOGIN_OTHER_PLACE');
Insert into ADMIN.ACC_CON (U_CONTIME,U_ID,U_SESSION,U_DISCONTIME,MSG) values ('20/06/05 15:09:50','admin','446100633924311','20/06/08 09:25:14','LOGIN_OTHER_PLACE');
Insert into ADMIN.ACC_CON (U_CONTIME,U_ID,U_SESSION,U_DISCONTIME,MSG) values ('20/06/08 09:25:14','admin','230470815895094','20/06/08 09:38:18','LOGIN_OTHER_PLACE');
Insert into ADMIN.ACC_CON (U_CONTIME,U_ID,U_SESSION,U_DISCONTIME,MSG) values ('20/06/08 09:38:18','admin','308694159437384','20/06/08 09:44:08','LOGIN_OTHER_PLACE');
Insert into ADMIN.ACC_CON (U_CONTIME,U_ID,U_SESSION,U_DISCONTIME,MSG) values ('20/06/08 09:44:08','admin','461513856517089','20/06/08 09:44:55','LOGIN_OTHER_PLACE');
Insert into ADMIN.ACC_CON (U_CONTIME,U_ID,U_SESSION,U_DISCONTIME,MSG) values ('20/06/03 09:45:12','admin','173815917261521','20/06/03 10:01:44',null);
Insert into ADMIN.ACC_CON (U_CONTIME,U_ID,U_SESSION,U_DISCONTIME,MSG) values ('20/06/08 09:44:55','admin','577251443709231','20/06/08 10:22:54','LOGIN_OTHER_PLACE');
Insert into ADMIN.ACC_CON (U_CONTIME,U_ID,U_SESSION,U_DISCONTIME,MSG) values ('20/06/08 10:22:54','admin','329206703053307','20/06/08 10:27:01',null);
Insert into ADMIN.ACC_CON (U_CONTIME,U_ID,U_SESSION,U_DISCONTIME,MSG) values ('20/06/08 10:27:08','atest','334823638876900','20/06/08 12:13:05','LOGIN_OTHER_PLACE');
Insert into ADMIN.ACC_CON (U_CONTIME,U_ID,U_SESSION,U_DISCONTIME,MSG) values ('20/06/08 12:13:05','atest','297368892259603','20/06/08 12:48:07','LOGIN_OTHER_PLACE');
Insert into ADMIN.ACC_CON (U_CONTIME,U_ID,U_SESSION,U_DISCONTIME,MSG) values ('20/06/08 12:48:07','atest','494962604587779','20/06/08 14:03:31','LOGIN_OTHER_PLACE');
Insert into ADMIN.ACC_CON (U_CONTIME,U_ID,U_SESSION,U_DISCONTIME,MSG) values ('20/06/08 14:03:31','atest','300291133666139','20/06/08 17:45:15','LOGIN_OTHER_PLACE');
Insert into ADMIN.ACC_CON (U_CONTIME,U_ID,U_SESSION,U_DISCONTIME,MSG) values ('20/06/08 17:30:30','admin','462643667936343','20/06/11 14:02:22','LOGIN_OTHER_PLACE');
Insert into ADMIN.ACC_CON (U_CONTIME,U_ID,U_SESSION,U_DISCONTIME,MSG) values ('20/06/08 17:45:15','atest','758111789773991','20/06/08 17:46:59','LOGIN_OTHER_PLACE');
Insert into ADMIN.ACC_CON (U_CONTIME,U_ID,U_SESSION,U_DISCONTIME,MSG) values ('20/06/08 17:46:59','atest','369691665483573','20/06/08 17:47:32','LOGIN_OTHER_PLACE');
Insert into ADMIN.ACC_CON (U_CONTIME,U_ID,U_SESSION,U_DISCONTIME,MSG) values ('20/06/08 17:47:32','atest','333622522811669','20/06/08 17:49:32','LOGIN_OTHER_PLACE');
Insert into ADMIN.ACC_CON (U_CONTIME,U_ID,U_SESSION,U_DISCONTIME,MSG) values ('20/06/08 17:49:32','atest','122431449396190','20/06/08 17:50:33','LOGIN_OTHER_PLACE');
Insert into ADMIN.ACC_CON (U_CONTIME,U_ID,U_SESSION,U_DISCONTIME,MSG) values ('20/06/08 17:50:33','atest','743004704335467','20/06/16 12:44:54','LOGIN_OTHER_PLACE');
Insert into ADMIN.ACC_CON (U_CONTIME,U_ID,U_SESSION,U_DISCONTIME,MSG) values ('20/06/11 12:10:24','ctest','624008992506876','20/06/11 12:13:53','LOGIN_OTHER_PLACE');
Insert into ADMIN.ACC_CON (U_CONTIME,U_ID,U_SESSION,U_DISCONTIME,MSG) values ('20/06/11 12:13:53','ctest','200424918998520','20/06/19 09:16:44','LOGIN_OTHER_PLACE');
Insert into ADMIN.ACC_CON (U_CONTIME,U_ID,U_SESSION,U_DISCONTIME,MSG) values ('20/06/11 14:02:22','admin','536261394764317','20/06/15 14:22:51','LOGIN_OTHER_PLACE');
Insert into ADMIN.ACC_CON (U_CONTIME,U_ID,U_SESSION,U_DISCONTIME,MSG) values ('20/06/15 14:22:51','admin','614540186734315','20/06/15 14:24:30','LOGIN_OTHER_PLACE');
Insert into ADMIN.ACC_CON (U_CONTIME,U_ID,U_SESSION,U_DISCONTIME,MSG) values ('20/06/15 14:24:30','admin','156121402874889','20/06/15 14:30:19','LOGIN_OTHER_PLACE');
Insert into ADMIN.ACC_CON (U_CONTIME,U_ID,U_SESSION,U_DISCONTIME,MSG) values ('20/06/15 14:30:19','admin','197786881832105','20/06/15 14:33:04','LOGIN_OTHER_PLACE');
Insert into ADMIN.ACC_CON (U_CONTIME,U_ID,U_SESSION,U_DISCONTIME,MSG) values ('20/06/15 14:33:04','admin','366303606954008','20/06/15 14:33:53','LOGIN_OTHER_PLACE');
Insert into ADMIN.ACC_CON (U_CONTIME,U_ID,U_SESSION,U_DISCONTIME,MSG) values ('20/06/15 14:33:53','admin','526607735905778','20/06/15 14:44:20','LOGIN_OTHER_PLACE');
Insert into ADMIN.ACC_CON (U_CONTIME,U_ID,U_SESSION,U_DISCONTIME,MSG) values ('20/06/15 14:44:20','admin','246012717002278','20/06/15 17:43:54','LOGIN_OTHER_PLACE');
Insert into ADMIN.ACC_CON (U_CONTIME,U_ID,U_SESSION,U_DISCONTIME,MSG) values ('20/06/15 17:43:54','admin','525497730711096','20/06/16 09:15:08','LOGIN_OTHER_PLACE');
Insert into ADMIN.ACC_CON (U_CONTIME,U_ID,U_SESSION,U_DISCONTIME,MSG) values ('20/06/16 09:15:08','admin','237341797752253','20/06/16 12:29:27','LOGIN_OTHER_PLACE');
Insert into ADMIN.ACC_CON (U_CONTIME,U_ID,U_SESSION,U_DISCONTIME,MSG) values ('20/06/16 12:29:27','admin','817323037052837','20/06/16 12:42:30','LOGIN_OTHER_PLACE');
Insert into ADMIN.ACC_CON (U_CONTIME,U_ID,U_SESSION,U_DISCONTIME,MSG) values ('20/06/16 12:42:30','admin','254449329601260','20/06/16 12:44:45',null);
Insert into ADMIN.ACC_CON (U_CONTIME,U_ID,U_SESSION,U_DISCONTIME,MSG) values ('20/06/16 12:44:54','atest','886173846347547','20/06/16 12:53:58','LOGIN_OTHER_PLACE');
Insert into ADMIN.ACC_CON (U_CONTIME,U_ID,U_SESSION,U_DISCONTIME,MSG) values ('20/06/16 12:53:58','atest','712775749396127','20/06/16 14:12:18','LOGIN_OTHER_PLACE');
Insert into ADMIN.ACC_CON (U_CONTIME,U_ID,U_SESSION,U_DISCONTIME,MSG) values ('20/06/16 14:12:18','atest','756945559037253','20/06/16 14:15:28','LOGIN_OTHER_PLACE');
Insert into ADMIN.ACC_CON (U_CONTIME,U_ID,U_SESSION,U_DISCONTIME,MSG) values ('20/06/16 14:13:14','btest','743091650493446','20/06/19 09:16:29','LOGIN_OTHER_PLACE');
Insert into ADMIN.ACC_CON (U_CONTIME,U_ID,U_SESSION,U_DISCONTIME,MSG) values ('20/06/16 14:15:28','atest','820099784467122','20/06/16 14:24:18','LOGIN_OTHER_PLACE');
Insert into ADMIN.ACC_CON (U_CONTIME,U_ID,U_SESSION,U_DISCONTIME,MSG) values ('20/06/16 14:24:18','atest','161496940672671','20/06/16 14:28:55','LOGIN_OTHER_PLACE');
Insert into ADMIN.ACC_CON (U_CONTIME,U_ID,U_SESSION,U_DISCONTIME,MSG) values ('20/06/16 14:28:55','atest','863492535152828','20/06/16 14:33:02','LOGIN_OTHER_PLACE');
Insert into ADMIN.ACC_CON (U_CONTIME,U_ID,U_SESSION,U_DISCONTIME,MSG) values ('20/06/16 14:33:02','atest','743961764611966','20/06/19 09:21:42','LOGIN_OTHER_PLACE');
Insert into ADMIN.ACC_CON (U_CONTIME,U_ID,U_SESSION,U_DISCONTIME,MSG) values ('20/06/19 09:15:28','admin','949311549915522','20/06/19 09:16:24',null);
Insert into ADMIN.ACC_CON (U_CONTIME,U_ID,U_SESSION,U_DISCONTIME,MSG) values ('20/06/19 09:16:29','btest','448157563105699','20/06/19 09:16:39',null);
Insert into ADMIN.ACC_CON (U_CONTIME,U_ID,U_SESSION,U_DISCONTIME,MSG) values ('20/06/19 09:16:44','ctest','208274211015897','20/06/19 09:21:32',null);
Insert into ADMIN.ACC_CON (U_CONTIME,U_ID,U_SESSION,U_DISCONTIME,MSG) values ('20/06/19 09:21:42','atest','146285659200860','20/06/19 09:22:10',null);
Insert into ADMIN.ACC_CON (U_CONTIME,U_ID,U_SESSION,U_DISCONTIME,MSG) values ('20/06/19 09:22:15','admin','378422941028293','20/06/19 09:27:14',null);
Insert into ADMIN.ACC_CON (U_CONTIME,U_ID,U_SESSION,U_DISCONTIME,MSG) values ('20/06/19 09:30:38','atest','778349747545237','20/06/19 09:31:46',null);
Insert into ADMIN.ACC_CON (U_CONTIME,U_ID,U_SESSION,U_DISCONTIME,MSG) values ('20/06/19 09:31:52','btest','408940266007026','20/06/19 10:33:30',null);
Insert into ADMIN.ACC_CON (U_CONTIME,U_ID,U_SESSION,U_DISCONTIME,MSG) values ('20/06/19 11:24:47','admin','794364686823224','20/06/19 12:08:22','LOGIN_OTHER_PLACE');
Insert into ADMIN.ACC_CON (U_CONTIME,U_ID,U_SESSION,U_DISCONTIME,MSG) values ('20/06/19 12:08:22','admin','109715821547039','20/06/23 09:17:46','LOGIN_OTHER_PLACE');
Insert into ADMIN.ACC_CON (U_CONTIME,U_ID,U_SESSION,U_DISCONTIME,MSG) values ('20/06/23 09:17:46','admin','794231327279145','20/06/23 09:27:00','LOGIN_OTHER_PLACE');
Insert into ADMIN.ACC_CON (U_CONTIME,U_ID,U_SESSION,U_DISCONTIME,MSG) values ('20/06/23 09:27:00','admin','745458573071601','20/06/23 09:35:56',null);
Insert into ADMIN.ACC_CON (U_CONTIME,U_ID,U_SESSION,U_DISCONTIME,MSG) values ('20/06/23 09:36:10','atest','520518469399982','20/06/23 09:39:02','LOGIN_OTHER_PLACE');
Insert into ADMIN.ACC_CON (U_CONTIME,U_ID,U_SESSION,U_DISCONTIME,MSG) values ('20/06/23 09:39:02','atest','922463006399746','20/06/23 09:41:03','LOGIN_OTHER_PLACE');
Insert into ADMIN.ACC_CON (U_CONTIME,U_ID,U_SESSION,U_DISCONTIME,MSG) values ('20/06/23 09:41:03','atest','587777302902032','20/06/24 10:01:01','LOGIN_OTHER_PLACE');
Insert into ADMIN.ACC_CON (U_CONTIME,U_ID,U_SESSION,U_DISCONTIME,MSG) values ('20/06/24 10:01:01','atest','797850580737557','20/06/24 10:09:09','LOGIN_OTHER_PLACE');
Insert into ADMIN.ACC_CON (U_CONTIME,U_ID,U_SESSION,U_DISCONTIME,MSG) values ('20/06/24 10:09:09','atest','847898499217555','20/06/24 10:10:58','LOGIN_OTHER_PLACE');
Insert into ADMIN.ACC_CON (U_CONTIME,U_ID,U_SESSION,U_DISCONTIME,MSG) values ('20/06/24 10:10:58','atest','765265798169090','20/06/24 10:11:37',null);
Insert into ADMIN.ACC_CON (U_CONTIME,U_ID,U_SESSION,U_DISCONTIME,MSG) values ('20/06/24 10:11:48','atest','327920512481987','20/06/24 11:09:21','LOGIN_OTHER_PLACE');
Insert into ADMIN.ACC_CON (U_CONTIME,U_ID,U_SESSION,U_DISCONTIME,MSG) values ('20/06/24 11:09:21','atest','705804790355615','20/06/24 12:46:37','LOGIN_OTHER_PLACE');
Insert into ADMIN.ACC_CON (U_CONTIME,U_ID,U_SESSION,U_DISCONTIME,MSG) values ('20/06/24 11:48:58','admin','934785564442791','20/06/24 12:22:31','LOGIN_OTHER_PLACE');
Insert into ADMIN.ACC_CON (U_CONTIME,U_ID,U_SESSION,U_DISCONTIME,MSG) values ('20/06/24 12:22:31','admin','660471694890852','20/06/24 12:46:31',null);
Insert into ADMIN.ACC_CON (U_CONTIME,U_ID,U_SESSION,U_DISCONTIME,MSG) values ('20/06/24 12:46:37','atest','937063501782297',null,null);
REM INSERTING into ADMIN.ACC_INF
SET DEFINE OFF;
Insert into ADMIN.ACC_INF (AGREE_USER_POLICY,AGREE_INFO_POLICY,FIND_HINT,REMARKS,U_ID) values ('y','y','123123123',null,'atest');
Insert into ADMIN.ACC_INF (AGREE_USER_POLICY,AGREE_INFO_POLICY,FIND_HINT,REMARKS,U_ID) values ('y','y','123123123',null,'btest');
Insert into ADMIN.ACC_INF (AGREE_USER_POLICY,AGREE_INFO_POLICY,FIND_HINT,REMARKS,U_ID) values ('y','y',null,null,'admin');
Insert into ADMIN.ACC_INF (AGREE_USER_POLICY,AGREE_INFO_POLICY,FIND_HINT,REMARKS,U_ID) values ('y','y','123123123',null,'ctest');
REM INSERTING into ADMIN.ACC_PRI
SET DEFINE OFF;
Insert into ADMIN.ACC_PRI (U_ID,U_GENDER,U_AGE,U_PHNUM,U_EMAIL,U_PW,U_BIRTH,U_NAME) values ('admin',null,null,null,'admin@naver.com','admin',null,'admin');
Insert into ADMIN.ACC_PRI (U_ID,U_GENDER,U_AGE,U_PHNUM,U_EMAIL,U_PW,U_BIRTH,U_NAME) values ('atest',null,null,'01012341234','atest@naver.com','123123123','2020-06-20','에테식');
Insert into ADMIN.ACC_PRI (U_ID,U_GENDER,U_AGE,U_PHNUM,U_EMAIL,U_PW,U_BIRTH,U_NAME) values ('btest',null,null,'01012344231','qwe123@naver.com','123123123','2020-05-31','비테식');
Insert into ADMIN.ACC_PRI (U_ID,U_GENDER,U_AGE,U_PHNUM,U_EMAIL,U_PW,U_BIRTH,U_NAME) values ('ctest',null,null,'01012341234','qwe123@naver.com','123123123','2020-05-06','씨테식');
REM INSERTING into ADMIN.ACC_PUB
SET DEFINE OFF;
Insert into ADMIN.ACC_PUB (U_ID,U_NICK,U_INTRO,U_NATION,U_JOINDATE,U_LEVEL) values ('atest','에이테스트','안녕하세요 에이테스트입니다
잘부탁드려요',null,'20/06/01 13:48:49',9);
Insert into ADMIN.ACC_PUB (U_ID,U_NICK,U_INTRO,U_NATION,U_JOINDATE,U_LEVEL) values ('admin','관리자',null,null,null,1);
Insert into ADMIN.ACC_PUB (U_ID,U_NICK,U_INTRO,U_NATION,U_JOINDATE,U_LEVEL) values ('btest','비테스트',null,null,'20/06/02 17:41:46',9);
Insert into ADMIN.ACC_PUB (U_ID,U_NICK,U_INTRO,U_NATION,U_JOINDATE,U_LEVEL) values ('ctest','씨테스트',null,null,'20/06/05 09:37:10',9);
REM INSERTING into ADMIN.BOARD
SET DEFINE OFF;
Insert into ADMIN.BOARD (B_NAME,B_RLEVEL,B_WLEVEL,B_INDEX,B_TYPE) values ('출석체크',9,9,2,'Daily');
Insert into ADMIN.BOARD (B_NAME,B_RLEVEL,B_WLEVEL,B_INDEX,B_TYPE) values ('테스트 게시판',2,2,8,'NoClip');
Insert into ADMIN.BOARD (B_NAME,B_RLEVEL,B_WLEVEL,B_INDEX,B_TYPE) values ('공지사항',10,1,1,'NoReply');
Insert into ADMIN.BOARD (B_NAME,B_RLEVEL,B_WLEVEL,B_INDEX,B_TYPE) values ('자유 게시판',10,9,3,'NoClip');
Insert into ADMIN.BOARD (B_NAME,B_RLEVEL,B_WLEVEL,B_INDEX,B_TYPE) values ('질문 게시판',9,9,4,'NoClip');
Insert into ADMIN.BOARD (B_NAME,B_RLEVEL,B_WLEVEL,B_INDEX,B_TYPE) values ('자료 게시판',9,9,5,'Normal');
Insert into ADMIN.BOARD (B_NAME,B_RLEVEL,B_WLEVEL,B_INDEX,B_TYPE) values ('요청 게시판',9,9,6,'NoClip');
Insert into ADMIN.BOARD (B_NAME,B_RLEVEL,B_WLEVEL,B_INDEX,B_TYPE) values ('유머 게시판',10,9,7,'NoClip');
REM INSERTING into ADMIN.LIKE_POST
SET DEFINE OFF;
Insert into ADMIN.LIKE_POST (U_ID,P_ID,L_DATE,B_NAME) values ('btest',3,'20/06/19 09:32:15','자료 게시판');
Insert into ADMIN.LIKE_POST (U_ID,P_ID,L_DATE,B_NAME) values ('btest',1,'20/06/19 09:32:39','자료 게시판');
Insert into ADMIN.LIKE_POST (U_ID,P_ID,L_DATE,B_NAME) values ('btest',1,'20/06/19 09:36:02','공지사항');
REM INSERTING into ADMIN.LIKE_REPLY
SET DEFINE OFF;
REM INSERTING into ADMIN.POST_CLIP
SET DEFINE OFF;
Insert into ADMIN.POST_CLIP (P_ID,F_NAME,F_URL,B_NAME,F_TYPE) values (2,'favicon_128.png','C:\SpringWorkSpace\lorem\src\main\webapp\WEB-INF\postUpload\자료 게시판_2_img_favicon_128.png','자료 게시판','img1');
Insert into ADMIN.POST_CLIP (P_ID,F_NAME,F_URL,B_NAME,F_TYPE) values (2,'favicon.ico','C:\SpringWorkSpace\lorem\src\main\webapp\WEB-INF\postUpload\자료 게시판_2_file_favicon.ico','자료 게시판','file');
Insert into ADMIN.POST_CLIP (P_ID,F_NAME,F_URL,B_NAME,F_TYPE) values (2,'favicon_16.png','C:\SpringWorkSpace\lorem\src\main\webapp\WEB-INF\postUpload\자료 게시판_2_file_favicon_16.png','자료 게시판','file');
Insert into ADMIN.POST_CLIP (P_ID,F_NAME,F_URL,B_NAME,F_TYPE) values (2,'favicon_32.png','C:\SpringWorkSpace\lorem\src\main\webapp\WEB-INF\postUpload\자료 게시판_2_file_favicon_32.png','자료 게시판','file');
Insert into ADMIN.POST_CLIP (P_ID,F_NAME,F_URL,B_NAME,F_TYPE) values (2,'favicon_64.png','C:\SpringWorkSpace\lorem\src\main\webapp\WEB-INF\postUpload\자료 게시판_2_file_favicon_64.png','자료 게시판','file');
Insert into ADMIN.POST_CLIP (P_ID,F_NAME,F_URL,B_NAME,F_TYPE) values (2,'favicon_128.png','C:\SpringWorkSpace\lorem\src\main\webapp\WEB-INF\postUpload\자료 게시판_2_file_favicon_128.png','자료 게시판','file');
Insert into ADMIN.POST_CLIP (P_ID,F_NAME,F_URL,B_NAME,F_TYPE) values (3,'clip_50x50.png','C:\SpringWorkSpace\lorem\src\main\webapp\WEB-INF\postUpload\자료 게시판_3_img_clip_50x50.png','자료 게시판','img1');
Insert into ADMIN.POST_CLIP (P_ID,F_NAME,F_URL,B_NAME,F_TYPE) values (3,'cloud.png','C:\SpringWorkSpace\lorem\src\main\webapp\WEB-INF\postUpload\자료 게시판_3_img_cloud.png','자료 게시판','img2');
Insert into ADMIN.POST_CLIP (P_ID,F_NAME,F_URL,B_NAME,F_TYPE) values (3,'image_icon_50x50.png','C:\SpringWorkSpace\lorem\src\main\webapp\WEB-INF\postUpload\자료 게시판_3_img_image_icon_50x50.png','자료 게시판','img3');
Insert into ADMIN.POST_CLIP (P_ID,F_NAME,F_URL,B_NAME,F_TYPE) values (3,'rain.png','C:\SpringWorkSpace\lorem\src\main\webapp\WEB-INF\postUpload\자료 게시판_3_img_rain.png','자료 게시판','img4');
Insert into ADMIN.POST_CLIP (P_ID,F_NAME,F_URL,B_NAME,F_TYPE) values (3,'x.png','C:\SpringWorkSpace\lorem\src\main\webapp\WEB-INF\postUpload\자료 게시판_3_img_x.png','자료 게시판','img5');
Insert into ADMIN.POST_CLIP (P_ID,F_NAME,F_URL,B_NAME,F_TYPE) values (3,'clip_50x50.png','C:\SpringWorkSpace\lorem\src\main\webapp\WEB-INF\postUpload\자료 게시판_3_file_clip_50x50.png','자료 게시판','file');
Insert into ADMIN.POST_CLIP (P_ID,F_NAME,F_URL,B_NAME,F_TYPE) values (3,'cloud.png','C:\SpringWorkSpace\lorem\src\main\webapp\WEB-INF\postUpload\자료 게시판_3_file_cloud.png','자료 게시판','file');
Insert into ADMIN.POST_CLIP (P_ID,F_NAME,F_URL,B_NAME,F_TYPE) values (3,'image_icon_50x50.png','C:\SpringWorkSpace\lorem\src\main\webapp\WEB-INF\postUpload\자료 게시판_3_file_image_icon_50x50.png','자료 게시판','file');
Insert into ADMIN.POST_CLIP (P_ID,F_NAME,F_URL,B_NAME,F_TYPE) values (3,'rain.png','C:\SpringWorkSpace\lorem\src\main\webapp\WEB-INF\postUpload\자료 게시판_3_file_rain.png','자료 게시판','file');
Insert into ADMIN.POST_CLIP (P_ID,F_NAME,F_URL,B_NAME,F_TYPE) values (3,'x.png','C:\SpringWorkSpace\lorem\src\main\webapp\WEB-INF\postUpload\자료 게시판_3_file_x.png','자료 게시판','file');
Insert into ADMIN.POST_CLIP (P_ID,F_NAME,F_URL,B_NAME,F_TYPE) values (4,'club.png','C:\SpringWorkSpace\lorem\src\main\webapp\WEB-INF\postUpload\자료 게시판_4_img_club.png','자료 게시판','img1');
Insert into ADMIN.POST_CLIP (P_ID,F_NAME,F_URL,B_NAME,F_TYPE) values (4,'dia.png','C:\SpringWorkSpace\lorem\src\main\webapp\WEB-INF\postUpload\자료 게시판_4_img_dia.png','자료 게시판','img2');
Insert into ADMIN.POST_CLIP (P_ID,F_NAME,F_URL,B_NAME,F_TYPE) values (1,'Here_comes_rain_again.jpg','C:\SpringWorkSpace\lorem\src\main\webapp\WEB-INF\postUpload\자료 게시판_1_img_Here_comes_rain_again.jpg','자료 게시판','img1');
Insert into ADMIN.POST_CLIP (P_ID,F_NAME,F_URL,B_NAME,F_TYPE) values (4,'heart.png','C:\SpringWorkSpace\lorem\src\main\webapp\WEB-INF\postUpload\자료 게시판_4_img_heart.png','자료 게시판','img3');
Insert into ADMIN.POST_CLIP (P_ID,F_NAME,F_URL,B_NAME,F_TYPE) values (1,'rain_floor_water_wet_drops-1351257.jpg','C:\SpringWorkSpace\lorem\src\main\webapp\WEB-INF\postUpload\자료 게시판_1_img_rain_floor_water_wet_drops-1351257.jpg','자료 게시판','img2');
Insert into ADMIN.POST_CLIP (P_ID,F_NAME,F_URL,B_NAME,F_TYPE) values (1,'자갈.png','C:\SpringWorkSpace\lorem\src\main\webapp\WEB-INF\postUpload\자료 게시판_1_img_자갈.png','자료 게시판','img3');
Insert into ADMIN.POST_CLIP (P_ID,F_NAME,F_URL,B_NAME,F_TYPE) values (1,'Here_comes_rain_again.jpg','C:\SpringWorkSpace\lorem\src\main\webapp\WEB-INF\postUpload\\자료 게시판_1_file_Here_comes_rain_again.jpg','자료 게시판','file');
Insert into ADMIN.POST_CLIP (P_ID,F_NAME,F_URL,B_NAME,F_TYPE) values (1,'rain_floor_water_wet_drops-1351257.jpg','C:\SpringWorkSpace\lorem\src\main\webapp\WEB-INF\postUpload\\자료 게시판_1_file_rain_floor_water_wet_drops-1351257.jpg','자료 게시판','file');
Insert into ADMIN.POST_CLIP (P_ID,F_NAME,F_URL,B_NAME,F_TYPE) values (1,'자갈.png','C:\SpringWorkSpace\lorem\src\main\webapp\WEB-INF\postUpload\\자료 게시판_1_file_자갈.png','자료 게시판','file');
Insert into ADMIN.POST_CLIP (P_ID,F_NAME,F_URL,B_NAME,F_TYPE) values (4,'spade.png','C:\SpringWorkSpace\lorem\src\main\webapp\WEB-INF\postUpload\자료 게시판_4_img_spade.png','자료 게시판','img4');
Insert into ADMIN.POST_CLIP (P_ID,F_NAME,F_URL,B_NAME,F_TYPE) values (4,'club.png','C:\SpringWorkSpace\lorem\src\main\webapp\WEB-INF\postUpload\자료 게시판_4_file_club.png','자료 게시판','file');
Insert into ADMIN.POST_CLIP (P_ID,F_NAME,F_URL,B_NAME,F_TYPE) values (4,'dia.png','C:\SpringWorkSpace\lorem\src\main\webapp\WEB-INF\postUpload\자료 게시판_4_file_dia.png','자료 게시판','file');
Insert into ADMIN.POST_CLIP (P_ID,F_NAME,F_URL,B_NAME,F_TYPE) values (4,'heart.png','C:\SpringWorkSpace\lorem\src\main\webapp\WEB-INF\postUpload\자료 게시판_4_file_heart.png','자료 게시판','file');
Insert into ADMIN.POST_CLIP (P_ID,F_NAME,F_URL,B_NAME,F_TYPE) values (4,'spade.png','C:\SpringWorkSpace\lorem\src\main\webapp\WEB-INF\postUpload\자료 게시판_4_file_spade.png','자료 게시판','file');
REM INSERTING into ADMIN.POST_CONTENTS
SET DEFINE OFF;
Insert into ADMIN.POST_CONTENTS (P_ID,B_NAME) values (1,'공지사항');
Insert into ADMIN.POST_CONTENTS (P_ID,B_NAME) values (1,'요청 게시판');
Insert into ADMIN.POST_CONTENTS (P_ID,B_NAME) values (1,'유머 게시판');
Insert into ADMIN.POST_CONTENTS (P_ID,B_NAME) values (1,'자료 게시판');
Insert into ADMIN.POST_CONTENTS (P_ID,B_NAME) values (1,'자유 게시판');
Insert into ADMIN.POST_CONTENTS (P_ID,B_NAME) values (1,'질문 게시판');
Insert into ADMIN.POST_CONTENTS (P_ID,B_NAME) values (2,'자료 게시판');
Insert into ADMIN.POST_CONTENTS (P_ID,B_NAME) values (3,'자료 게시판');
Insert into ADMIN.POST_CONTENTS (P_ID,B_NAME) values (4,'자료 게시판');
REM INSERTING into ADMIN.POST_INFO
SET DEFINE OFF;
Insert into ADMIN.POST_INFO (P_TITLE,P_VIEW,P_LOCK,U_ID,P_DATE,B_NAME,P_ID,P_UPDATE,P_LIKE) values ('게시판 이용안내',3,'n','admin','20/06/19 09:24:42','공지사항',1,null,1);
Insert into ADMIN.POST_INFO (P_TITLE,P_VIEW,P_LOCK,U_ID,P_DATE,B_NAME,P_ID,P_UPDATE,P_LIKE) values ('아이콘 파일 요청합니다',0,'n','ctest','20/06/19 09:19:13','요청 게시판',1,null,0);
Insert into ADMIN.POST_INFO (P_TITLE,P_VIEW,P_LOCK,U_ID,P_DATE,B_NAME,P_ID,P_UPDATE,P_LIKE) values ('검색 되나요?',1,'n','ctest','20/06/19 09:21:19','유머 게시판',1,null,0);
Insert into ADMIN.POST_INFO (P_TITLE,P_VIEW,P_LOCK,U_ID,P_DATE,B_NAME,P_ID,P_UPDATE,P_LIKE) values ('Lorem 아이콘',1,'n','admin','20/06/19 09:26:57','자료 게시판',2,null,0);
Insert into ADMIN.POST_INFO (P_TITLE,P_VIEW,P_LOCK,U_ID,P_DATE,B_NAME,P_ID,P_UPDATE,P_LIKE) values ('유용한 아이콘입니다',2,'n','atest','20/06/19 09:31:38','자료 게시판',3,null,1);
Insert into ADMIN.POST_INFO (P_TITLE,P_VIEW,P_LOCK,U_ID,P_DATE,B_NAME,P_ID,P_UPDATE,P_LIKE) values ('아아아아 aaa bb ccc',1,'n','atest','20/06/16 12:46:01','자유 게시판',1,null,0);
Insert into ADMIN.POST_INFO (P_TITLE,P_VIEW,P_LOCK,U_ID,P_DATE,B_NAME,P_ID,P_UPDATE,P_LIKE) values ('질문입니다',1,'n','atest','20/06/16 12:46:31','질문 게시판',1,null,0);
Insert into ADMIN.POST_INFO (P_TITLE,P_VIEW,P_LOCK,U_ID,P_DATE,B_NAME,P_ID,P_UPDATE,P_LIKE) values ('좋은 배경사진 공유합니다',6,'n','atest','20/06/16 14:33:16','자료 게시판',1,'true',1);
Insert into ADMIN.POST_INFO (P_TITLE,P_VIEW,P_LOCK,U_ID,P_DATE,B_NAME,P_ID,P_UPDATE,P_LIKE) values ('트럼프카드 모양입니다',1,'n','btest','20/06/19 09:33:33','자료 게시판',4,null,0);
REM INSERTING into ADMIN.REPLY
SET DEFINE OFF;
Insert into ADMIN.REPLY (P_ID,R_INDEX,R_DATE,R_LOCK,R_LIKE,U_ID,B_NAME,DEPTH) values (3,0,'20/06/19 09:32:14','n',0,'btest','자료 게시판',0);
Insert into ADMIN.REPLY (P_ID,R_INDEX,R_DATE,R_LOCK,R_LIKE,U_ID,B_NAME,DEPTH) values (1,1,'20/06/19 09:36:01','n',0,'btest','공지사항',0);
Insert into ADMIN.REPLY (P_ID,R_INDEX,R_DATE,R_LOCK,R_LIKE,U_ID,B_NAME,DEPTH) values (1,0,'20/06/19 09:32:43','n',0,'btest','자료 게시판',0);
--------------------------------------------------------
--  DDL for Index ACC_INF_PK
--------------------------------------------------------

  CREATE UNIQUE INDEX "ADMIN"."ACC_INF_PK" ON "ADMIN"."ACC_INF" ("U_ID") 
  PCTFREE 10 INITRANS 2 MAXTRANS 255 COMPUTE STATISTICS 
  STORAGE(INITIAL 65536 NEXT 1048576 MINEXTENTS 1 MAXEXTENTS 2147483645
  PCTINCREASE 0 FREELISTS 1 FREELIST GROUPS 1 BUFFER_POOL DEFAULT FLASH_CACHE DEFAULT CELL_FLASH_CACHE DEFAULT)
  TABLESPACE "SYSTEM" ;
--------------------------------------------------------
--  DDL for Index ACC_PRI_PK
--------------------------------------------------------

  CREATE UNIQUE INDEX "ADMIN"."ACC_PRI_PK" ON "ADMIN"."ACC_PRI" ("U_ID") 
  PCTFREE 10 INITRANS 2 MAXTRANS 255 COMPUTE STATISTICS 
  STORAGE(INITIAL 65536 NEXT 1048576 MINEXTENTS 1 MAXEXTENTS 2147483645
  PCTINCREASE 0 FREELISTS 1 FREELIST GROUPS 1 BUFFER_POOL DEFAULT FLASH_CACHE DEFAULT CELL_FLASH_CACHE DEFAULT)
  TABLESPACE "SYSTEM" ;
--------------------------------------------------------
--  DDL for Index ACC_PUB_PK
--------------------------------------------------------

  CREATE UNIQUE INDEX "ADMIN"."ACC_PUB_PK" ON "ADMIN"."ACC_PUB" ("U_ID") 
  PCTFREE 10 INITRANS 2 MAXTRANS 255 COMPUTE STATISTICS 
  STORAGE(INITIAL 65536 NEXT 1048576 MINEXTENTS 1 MAXEXTENTS 2147483645
  PCTINCREASE 0 FREELISTS 1 FREELIST GROUPS 1 BUFFER_POOL DEFAULT FLASH_CACHE DEFAULT CELL_FLASH_CACHE DEFAULT)
  TABLESPACE "SYSTEM" ;
--------------------------------------------------------
--  DDL for Index BOARD_PK
--------------------------------------------------------

  CREATE UNIQUE INDEX "ADMIN"."BOARD_PK" ON "ADMIN"."BOARD" ("B_NAME") 
  PCTFREE 10 INITRANS 2 MAXTRANS 255 COMPUTE STATISTICS 
  STORAGE(INITIAL 65536 NEXT 1048576 MINEXTENTS 1 MAXEXTENTS 2147483645
  PCTINCREASE 0 FREELISTS 1 FREELIST GROUPS 1 BUFFER_POOL DEFAULT FLASH_CACHE DEFAULT CELL_FLASH_CACHE DEFAULT)
  TABLESPACE "SYSTEM" ;
--------------------------------------------------------
--  DDL for Index BOARD_INDEX1
--------------------------------------------------------

  CREATE UNIQUE INDEX "ADMIN"."BOARD_INDEX1" ON "ADMIN"."BOARD" ("B_INDEX") 
  PCTFREE 10 INITRANS 2 MAXTRANS 255 COMPUTE STATISTICS 
  STORAGE(INITIAL 65536 NEXT 1048576 MINEXTENTS 1 MAXEXTENTS 2147483645
  PCTINCREASE 0 FREELISTS 1 FREELIST GROUPS 1 BUFFER_POOL DEFAULT FLASH_CACHE DEFAULT CELL_FLASH_CACHE DEFAULT)
  TABLESPACE "SYSTEM" ;
--------------------------------------------------------
--  DDL for Index LIKE_POST_PK
--------------------------------------------------------

  CREATE UNIQUE INDEX "ADMIN"."LIKE_POST_PK" ON "ADMIN"."LIKE_POST" ("U_ID", "P_ID", "B_NAME") 
  PCTFREE 10 INITRANS 2 MAXTRANS 255 COMPUTE STATISTICS 
  STORAGE(INITIAL 65536 NEXT 1048576 MINEXTENTS 1 MAXEXTENTS 2147483645
  PCTINCREASE 0 FREELISTS 1 FREELIST GROUPS 1 BUFFER_POOL DEFAULT FLASH_CACHE DEFAULT CELL_FLASH_CACHE DEFAULT)
  TABLESPACE "SYSTEM" ;
--------------------------------------------------------
--  DDL for Index LIKE_REPLY_PK
--------------------------------------------------------

  CREATE UNIQUE INDEX "ADMIN"."LIKE_REPLY_PK" ON "ADMIN"."LIKE_REPLY" ("P_ID", "B_NAME", "R_INDEX", "U_ID") 
  PCTFREE 10 INITRANS 2 MAXTRANS 255 COMPUTE STATISTICS 
  STORAGE(INITIAL 65536 NEXT 1048576 MINEXTENTS 1 MAXEXTENTS 2147483645
  PCTINCREASE 0 FREELISTS 1 FREELIST GROUPS 1 BUFFER_POOL DEFAULT FLASH_CACHE DEFAULT CELL_FLASH_CACHE DEFAULT)
  TABLESPACE "SYSTEM" ;
--------------------------------------------------------
--  DDL for Index POST_CLIP_PK
--------------------------------------------------------

  CREATE UNIQUE INDEX "ADMIN"."POST_CLIP_PK" ON "ADMIN"."POST_CLIP" ("P_ID", "F_NAME", "B_NAME", "F_TYPE") 
  PCTFREE 10 INITRANS 2 MAXTRANS 255 COMPUTE STATISTICS 
  STORAGE(INITIAL 65536 NEXT 1048576 MINEXTENTS 1 MAXEXTENTS 2147483645
  PCTINCREASE 0 FREELISTS 1 FREELIST GROUPS 1 BUFFER_POOL DEFAULT FLASH_CACHE DEFAULT CELL_FLASH_CACHE DEFAULT)
  TABLESPACE "SYSTEM" ;
--------------------------------------------------------
--  DDL for Index POST_CONTENTS_PK
--------------------------------------------------------

  CREATE UNIQUE INDEX "ADMIN"."POST_CONTENTS_PK" ON "ADMIN"."POST_CONTENTS" ("P_ID", "B_NAME") 
  PCTFREE 10 INITRANS 2 MAXTRANS 255 COMPUTE STATISTICS 
  STORAGE(INITIAL 65536 NEXT 1048576 MINEXTENTS 1 MAXEXTENTS 2147483645
  PCTINCREASE 0 FREELISTS 1 FREELIST GROUPS 1 BUFFER_POOL DEFAULT FLASH_CACHE DEFAULT CELL_FLASH_CACHE DEFAULT)
  TABLESPACE "SYSTEM" ;
--------------------------------------------------------
--  DDL for Index REPLY_PK
--------------------------------------------------------

  CREATE UNIQUE INDEX "ADMIN"."REPLY_PK" ON "ADMIN"."REPLY" ("P_ID", "R_INDEX", "B_NAME") 
  PCTFREE 10 INITRANS 2 MAXTRANS 255 COMPUTE STATISTICS 
  STORAGE(INITIAL 65536 NEXT 1048576 MINEXTENTS 1 MAXEXTENTS 2147483645
  PCTINCREASE 0 FREELISTS 1 FREELIST GROUPS 1 BUFFER_POOL DEFAULT FLASH_CACHE DEFAULT CELL_FLASH_CACHE DEFAULT)
  TABLESPACE "SYSTEM" ;
--------------------------------------------------------
--  DDL for Trigger LIKE_TRIGGER
--------------------------------------------------------

  CREATE OR REPLACE TRIGGER "ADMIN"."LIKE_TRIGGER" 
BEFORE INSERT ON LIKE_POST 
for each row
BEGIN
select
to_char(sysdate, 'YY/MM/DD')||
to_char(sysdate,' HH24:')||
to_char(sysdate,'MI:')||
to_char(sysdate,'ss')
into :new.l_date from dual;



END;
/
ALTER TRIGGER "ADMIN"."LIKE_TRIGGER" ENABLE;
--------------------------------------------------------
--  DDL for Trigger RUNLIKE_TRIGGER
--------------------------------------------------------

  CREATE OR REPLACE TRIGGER "ADMIN"."RUNLIKE_TRIGGER" 
BEFORE DELETE ON LIKE_REPLY 
for each row
BEGIN
update reply
set r_like=r_like-1
where b_name=:old.b_name
and p_id=:old.p_id
and r_index=:old.r_index;
END;
/
ALTER TRIGGER "ADMIN"."RUNLIKE_TRIGGER" ENABLE;
--------------------------------------------------------
--  DDL for Trigger RLIKE_TRIG
--------------------------------------------------------

  CREATE OR REPLACE TRIGGER "ADMIN"."RLIKE_TRIG" 
before INSERT ON LIKE_REPLY 
for each row
BEGIN
    select
to_char(sysdate, 'YY/MM/DD')||
to_char(sysdate,' HH24:')||
to_char(sysdate,'MI:')||
to_char(sysdate,'ss')
into :new.l_date from dual;

update reply
set r_like=r_like+1
where b_name=:new.b_name
and p_id=:new.p_id
and r_index=:new.r_index;
END;
/
ALTER TRIGGER "ADMIN"."RLIKE_TRIG" ENABLE;
--------------------------------------------------------
--  DDL for Trigger POST_DELETE_TRIGGER
--------------------------------------------------------

  CREATE OR REPLACE TRIGGER "ADMIN"."POST_DELETE_TRIGGER" 
before DELETE ON POST_INFO 
for each row
BEGIN
delete post_contents
where :old.p_id=p_id and :old.b_name= b_name;
delete post_clip
where :old.p_id=p_id and :old.b_name= b_name;
delete reply
where :old.p_id=p_id and :old.b_name= b_name;
delete like_post
where :old.p_id=p_id and :old.b_name= b_name;
delete like_reply
where :old.p_id=p_id and :old.b_name= b_name;
END;
/
ALTER TRIGGER "ADMIN"."POST_DELETE_TRIGGER" ENABLE;
--------------------------------------------------------
--  DDL for Trigger POST_CONTENTS_TRIGGER
--------------------------------------------------------

  CREATE OR REPLACE TRIGGER "ADMIN"."POST_CONTENTS_TRIGGER" 
AFTER INSERT ON POST_INFO 
FOR EACH ROW
BEGIN
insert into post_contents values(null, :new.p_id, :new.b_name);
END;
/
ALTER TRIGGER "ADMIN"."POST_CONTENTS_TRIGGER" ENABLE;
--------------------------------------------------------
--  DDL for Trigger REPLY_TRIGGER
--------------------------------------------------------

  CREATE OR REPLACE TRIGGER "ADMIN"."REPLY_TRIGGER" 
BEFORE INSERT ON REPLY 
FOR EACH ROW

DECLARE cnt NUMBER;

BEGIN
select count(*) into cnt from reply where p_id=:new.p_id;
select
to_char(sysdate, 'YY/MM/DD')||
to_char(sysdate,' HH24:')||
to_char(sysdate,'MI:')||
to_char(sysdate,'ss')
into :new.r_date from dual;
select 0 into :new.r_like from dual;
if cnt=0 then
select 0 into :new.r_index from dual;
else
select max(r_index)+1 into :new.r_index from reply where :new.p_id=p_id;
end if;
if :new.r_lock is null then
select 'n' into :new.r_lock from dual;
end if;
END;
/
ALTER TRIGGER "ADMIN"."REPLY_TRIGGER" ENABLE;
--------------------------------------------------------
--  Constraints for Table ACC_CON
--------------------------------------------------------

  ALTER TABLE "ADMIN"."ACC_CON" MODIFY ("U_SESSION" NOT NULL ENABLE);
  ALTER TABLE "ADMIN"."ACC_CON" MODIFY ("U_ID" NOT NULL ENABLE);
  ALTER TABLE "ADMIN"."ACC_CON" MODIFY ("U_CONTIME" NOT NULL ENABLE);
--------------------------------------------------------
--  Constraints for Table ACC_INF
--------------------------------------------------------

  ALTER TABLE "ADMIN"."ACC_INF" ADD CONSTRAINT "ACC_INF_PK" PRIMARY KEY ("U_ID")
  USING INDEX PCTFREE 10 INITRANS 2 MAXTRANS 255 COMPUTE STATISTICS 
  STORAGE(INITIAL 65536 NEXT 1048576 MINEXTENTS 1 MAXEXTENTS 2147483645
  PCTINCREASE 0 FREELISTS 1 FREELIST GROUPS 1 BUFFER_POOL DEFAULT FLASH_CACHE DEFAULT CELL_FLASH_CACHE DEFAULT)
  TABLESPACE "SYSTEM"  ENABLE;
  ALTER TABLE "ADMIN"."ACC_INF" MODIFY ("U_ID" NOT NULL ENABLE);
  ALTER TABLE "ADMIN"."ACC_INF" ADD CONSTRAINT "INFO_POLICY_CK" CHECK (agree_info_policy in('y','n')) ENABLE;
  ALTER TABLE "ADMIN"."ACC_INF" ADD CONSTRAINT "USER_POLICY_CK" CHECK (agree_user_policy in('y','n')) ENABLE;
  ALTER TABLE "ADMIN"."ACC_INF" MODIFY ("AGREE_INFO_POLICY" NOT NULL ENABLE);
  ALTER TABLE "ADMIN"."ACC_INF" MODIFY ("AGREE_USER_POLICY" NOT NULL ENABLE);
--------------------------------------------------------
--  Constraints for Table ACC_PRI
--------------------------------------------------------

  ALTER TABLE "ADMIN"."ACC_PRI" MODIFY ("U_PW" NOT NULL ENABLE);
  ALTER TABLE "ADMIN"."ACC_PRI" ADD CONSTRAINT "GENDER_CK" CHECK (u_gender in('m','f')) ENABLE;
  ALTER TABLE "ADMIN"."ACC_PRI" ADD CONSTRAINT "ACC_PRI_PK" PRIMARY KEY ("U_ID")
  USING INDEX PCTFREE 10 INITRANS 2 MAXTRANS 255 COMPUTE STATISTICS 
  STORAGE(INITIAL 65536 NEXT 1048576 MINEXTENTS 1 MAXEXTENTS 2147483645
  PCTINCREASE 0 FREELISTS 1 FREELIST GROUPS 1 BUFFER_POOL DEFAULT FLASH_CACHE DEFAULT CELL_FLASH_CACHE DEFAULT)
  TABLESPACE "SYSTEM"  ENABLE;
  ALTER TABLE "ADMIN"."ACC_PRI" MODIFY ("U_ID" NOT NULL ENABLE);
--------------------------------------------------------
--  Constraints for Table ACC_PUB
--------------------------------------------------------

  ALTER TABLE "ADMIN"."ACC_PUB" ADD CONSTRAINT "ACC_PUB_PK" PRIMARY KEY ("U_ID")
  USING INDEX PCTFREE 10 INITRANS 2 MAXTRANS 255 COMPUTE STATISTICS 
  STORAGE(INITIAL 65536 NEXT 1048576 MINEXTENTS 1 MAXEXTENTS 2147483645
  PCTINCREASE 0 FREELISTS 1 FREELIST GROUPS 1 BUFFER_POOL DEFAULT FLASH_CACHE DEFAULT CELL_FLASH_CACHE DEFAULT)
  TABLESPACE "SYSTEM"  ENABLE;
  ALTER TABLE "ADMIN"."ACC_PUB" MODIFY ("U_ID" NOT NULL ENABLE);
--------------------------------------------------------
--  Constraints for Table BOARD
--------------------------------------------------------

  ALTER TABLE "ADMIN"."BOARD" ADD CONSTRAINT "BOARD_PK" PRIMARY KEY ("B_NAME")
  USING INDEX PCTFREE 10 INITRANS 2 MAXTRANS 255 COMPUTE STATISTICS 
  STORAGE(INITIAL 65536 NEXT 1048576 MINEXTENTS 1 MAXEXTENTS 2147483645
  PCTINCREASE 0 FREELISTS 1 FREELIST GROUPS 1 BUFFER_POOL DEFAULT FLASH_CACHE DEFAULT CELL_FLASH_CACHE DEFAULT)
  TABLESPACE "SYSTEM"  ENABLE;
  ALTER TABLE "ADMIN"."BOARD" MODIFY ("B_NAME" NOT NULL ENABLE);
--------------------------------------------------------
--  Constraints for Table LIKE_POST
--------------------------------------------------------

  ALTER TABLE "ADMIN"."LIKE_POST" ADD CONSTRAINT "LIKE_POST_PK" PRIMARY KEY ("U_ID", "P_ID", "B_NAME")
  USING INDEX PCTFREE 10 INITRANS 2 MAXTRANS 255 COMPUTE STATISTICS 
  STORAGE(INITIAL 65536 NEXT 1048576 MINEXTENTS 1 MAXEXTENTS 2147483645
  PCTINCREASE 0 FREELISTS 1 FREELIST GROUPS 1 BUFFER_POOL DEFAULT FLASH_CACHE DEFAULT CELL_FLASH_CACHE DEFAULT)
  TABLESPACE "SYSTEM"  ENABLE;
  ALTER TABLE "ADMIN"."LIKE_POST" MODIFY ("B_NAME" NOT NULL ENABLE);
  ALTER TABLE "ADMIN"."LIKE_POST" MODIFY ("P_ID" NOT NULL ENABLE);
  ALTER TABLE "ADMIN"."LIKE_POST" MODIFY ("U_ID" NOT NULL ENABLE);
--------------------------------------------------------
--  Constraints for Table LIKE_REPLY
--------------------------------------------------------

  ALTER TABLE "ADMIN"."LIKE_REPLY" ADD CONSTRAINT "LIKE_REPLY_PK" PRIMARY KEY ("P_ID", "B_NAME", "R_INDEX", "U_ID")
  USING INDEX PCTFREE 10 INITRANS 2 MAXTRANS 255 COMPUTE STATISTICS 
  STORAGE(INITIAL 65536 NEXT 1048576 MINEXTENTS 1 MAXEXTENTS 2147483645
  PCTINCREASE 0 FREELISTS 1 FREELIST GROUPS 1 BUFFER_POOL DEFAULT FLASH_CACHE DEFAULT CELL_FLASH_CACHE DEFAULT)
  TABLESPACE "SYSTEM"  ENABLE;
  ALTER TABLE "ADMIN"."LIKE_REPLY" MODIFY ("U_ID" NOT NULL ENABLE);
  ALTER TABLE "ADMIN"."LIKE_REPLY" MODIFY ("R_INDEX" NOT NULL ENABLE);
  ALTER TABLE "ADMIN"."LIKE_REPLY" MODIFY ("B_NAME" NOT NULL ENABLE);
  ALTER TABLE "ADMIN"."LIKE_REPLY" MODIFY ("P_ID" NOT NULL ENABLE);
--------------------------------------------------------
--  Constraints for Table POST_CLIP
--------------------------------------------------------

  ALTER TABLE "ADMIN"."POST_CLIP" ADD CONSTRAINT "POST_CLIP_PK" PRIMARY KEY ("P_ID", "F_NAME", "B_NAME", "F_TYPE")
  USING INDEX PCTFREE 10 INITRANS 2 MAXTRANS 255 COMPUTE STATISTICS 
  STORAGE(INITIAL 65536 NEXT 1048576 MINEXTENTS 1 MAXEXTENTS 2147483645
  PCTINCREASE 0 FREELISTS 1 FREELIST GROUPS 1 BUFFER_POOL DEFAULT FLASH_CACHE DEFAULT CELL_FLASH_CACHE DEFAULT)
  TABLESPACE "SYSTEM"  ENABLE;
  ALTER TABLE "ADMIN"."POST_CLIP" MODIFY ("B_NAME" NOT NULL ENABLE);
  ALTER TABLE "ADMIN"."POST_CLIP" MODIFY ("F_TYPE" NOT NULL ENABLE);
  ALTER TABLE "ADMIN"."POST_CLIP" MODIFY ("F_NAME" NOT NULL ENABLE);
  ALTER TABLE "ADMIN"."POST_CLIP" MODIFY ("F_URL" NOT NULL ENABLE);
  ALTER TABLE "ADMIN"."POST_CLIP" MODIFY ("P_ID" NOT NULL ENABLE);
--------------------------------------------------------
--  Constraints for Table POST_CONTENTS
--------------------------------------------------------

  ALTER TABLE "ADMIN"."POST_CONTENTS" ADD CONSTRAINT "POST_CONTENTS_PK" PRIMARY KEY ("P_ID", "B_NAME")
  USING INDEX PCTFREE 10 INITRANS 2 MAXTRANS 255 COMPUTE STATISTICS 
  STORAGE(INITIAL 65536 NEXT 1048576 MINEXTENTS 1 MAXEXTENTS 2147483645
  PCTINCREASE 0 FREELISTS 1 FREELIST GROUPS 1 BUFFER_POOL DEFAULT FLASH_CACHE DEFAULT CELL_FLASH_CACHE DEFAULT)
  TABLESPACE "SYSTEM"  ENABLE;
  ALTER TABLE "ADMIN"."POST_CONTENTS" MODIFY ("B_NAME" NOT NULL ENABLE);
  ALTER TABLE "ADMIN"."POST_CONTENTS" MODIFY ("P_ID" NOT NULL ENABLE);
--------------------------------------------------------
--  Constraints for Table POST_INFO
--------------------------------------------------------

  ALTER TABLE "ADMIN"."POST_INFO" MODIFY ("U_ID" NOT NULL ENABLE);
  ALTER TABLE "ADMIN"."POST_INFO" MODIFY ("P_TITLE" NOT NULL ENABLE);
  ALTER TABLE "ADMIN"."POST_INFO" MODIFY ("B_NAME" NOT NULL ENABLE);
--------------------------------------------------------
--  Constraints for Table REPLY
--------------------------------------------------------

  ALTER TABLE "ADMIN"."REPLY" MODIFY ("R_INDEX" NOT NULL ENABLE);
  ALTER TABLE "ADMIN"."REPLY" ADD CONSTRAINT "REPLY_PK" PRIMARY KEY ("P_ID", "R_INDEX", "B_NAME")
  USING INDEX PCTFREE 10 INITRANS 2 MAXTRANS 255 COMPUTE STATISTICS 
  STORAGE(INITIAL 65536 NEXT 1048576 MINEXTENTS 1 MAXEXTENTS 2147483645
  PCTINCREASE 0 FREELISTS 1 FREELIST GROUPS 1 BUFFER_POOL DEFAULT FLASH_CACHE DEFAULT CELL_FLASH_CACHE DEFAULT)
  TABLESPACE "SYSTEM"  ENABLE;
  ALTER TABLE "ADMIN"."REPLY" MODIFY ("P_ID" NOT NULL ENABLE);
  ALTER TABLE "ADMIN"."REPLY" MODIFY ("B_NAME" NOT NULL ENABLE);
  ALTER TABLE "ADMIN"."REPLY" MODIFY ("U_ID" NOT NULL ENABLE);
